{"properties": [
  {
    "name": "jwt.signing.key.secret",
    "type": "java.lang.String",
    "description": "The secret used for encryption"
  },
  {
    "name": "jwt.get.token.uri",
    "type": "java.lang.String",
    "description": "The universal resource indicator for authenticating the user and receiving the token"
  },
  {
    "name": "jwt.refresh.token.uri",
    "type": "java.lang.String",
    "description": "The Endpoint used to refresh the token"
  },
  {
    "name": "jwt.http.request.header",
    "type": "java.lang.String",
    "description": "The Header that will be on the Requests"
  },
  {
    "name": "jwt.token.expiration.in.seconds",
    "type": "java.lang.String",
    "description": "The constant number of seconds until a token expires"
  },
  {
    "name": "jwt.post.user.uri",
    "type": "java.lang.String",
    "description": "The URI to add a user"
  }
]}